{
  "cohorts": {
    "none": {
      "production": {
        "metrics": {
          "n": 32,
          "accuracy": 0.8125,
          "f1_weighted": 0.803720238095238,
          "kappa_unweighted": 0.6799999999999999,
          "kappa_linear": 0.723342939481268,
          "kappa_quadratic": 0.782312925170068,
          "gwet_ac2_linear": 0.8185255198487713
        },
        "cis": {
          "accuracy": [
            0.65625,
            0.9375
          ],
          "f1_weighted": [
            0.6372195512820512,
            0.9369343891402715
          ],
          "kappa_unweighted": [
            0.44153577661431065,
            0.8918918918918919
          ],
          "kappa_linear": [
            0.5068493150684932,
            0.9085714285714286
          ],
          "kappa_quadratic": [
            0.582089552238806,
            0.9287305122494433
          ],
          "gwet_ac2_linear": [
            0.6758399459733243,
            0.9432624113475178
          ]
        },
        "confusion": {
          "REJECT->REJECT": 13,
          "PASS->REVIEW": 2,
          "PASS->PASS": 2,
          "REVIEW->REVIEW": 11,
          "REVIEW->REJECT": 4
        }
      },
      "rule_recall": {
        "caught": 40,
        "expected": 106,
        "recall": 0.37735849056603776,
        "n_eligible": 28
      }
    },
    "deterministic": {
      "production": {
        "metrics": {
          "n": 32,
          "accuracy": 0.875,
          "f1_weighted": 0.8198529411764706,
          "kappa_unweighted": 0.775438596491228,
          "kappa_linear": 0.7942122186495177,
          "kappa_quadratic": 0.8236914600550964,
          "gwet_ac2_linear": 0.8848230353929214
        },
        "cis": {
          "accuracy": [
            0.75,
            0.96875
          ],
          "f1_weighted": [
            0.6544117647058824,
            0.9536637931034483
          ],
          "kappa_unweighted": [
            0.5733333333333333,
            0.9393939393939394
          ],
          "kappa_linear": [
            0.631578947368421,
            0.9411764705882353
          ],
          "kappa_quadratic": [
            0.6932907348242812,
            0.9444444444444444
          ],
          "gwet_ac2_linear": [
            0.752577319587629,
            0.9742730805306177
          ]
        },
        "confusion": {
          "REJECT->REJECT": 13,
          "PASS->REVIEW": 4,
          "REVIEW->REVIEW": 15
        }
      },
      "rule_recall": {
        "caught": 55,
        "expected": 106,
        "recall": 0.5188679245283019,
        "n_eligible": 28
      }
    },
    "llm": {
      "production": {
        "metrics": {
          "n": 32,
          "accuracy": 0.8125,
          "f1_weighted": 0.7580915178571428,
          "kappa_unweighted": 0.6655052264808362,
          "kappa_linear": 0.6971608832807571,
          "kappa_quadratic": 0.7453580901856764,
          "gwet_ac2_linear": 0.8256658595641646
        },
        "cis": {
          "accuracy": [
            0.65625,
            0.9375
          ],
          "f1_weighted": [
            0.5814665471923537,
            0.9223790322580645
          ],
          "kappa_unweighted": [
            0.43262411347517726,
            0.878095238095238
          ],
          "kappa_linear": [
            0.5056179775280899,
            0.8823529411764706
          ],
          "kappa_quadratic": [
            0.6,
            0.889273356401384
          ],
          "gwet_ac2_linear": [
            0.6762225969645869,
            0.9460143399409532
          ]
        },
        "confusion": {
          "REJECT->REJECT": 13,
          "PASS->REVIEW": 4,
          "REVIEW->REVIEW": 13,
          "REVIEW->REJECT": 2
        }
      },
      "rule_recall": {
        "caught": 43,
        "expected": 106,
        "recall": 0.4056603773584906,
        "n_eligible": 28
      }
    },
    "tool_use": {
      "production": {
        "metrics": {
          "n": 32,
          "accuracy": 0.875,
          "f1_weighted": 0.8198529411764706,
          "kappa_unweighted": 0.775438596491228,
          "kappa_linear": 0.7942122186495177,
          "kappa_quadratic": 0.8236914600550964,
          "gwet_ac2_linear": 0.8848230353929214
        },
        "cis": {
          "accuracy": [
            0.75,
            0.96875
          ],
          "f1_weighted": [
            0.6544117647058824,
            0.9536637931034483
          ],
          "kappa_unweighted": [
            0.5733333333333333,
            0.9393939393939394
          ],
          "kappa_linear": [
            0.631578947368421,
            0.9411764705882353
          ],
          "kappa_quadratic": [
            0.6932907348242812,
            0.9444444444444444
          ],
          "gwet_ac2_linear": [
            0.752577319587629,
            0.9742730805306177
          ]
        },
        "confusion": {
          "REJECT->REJECT": 13,
          "PASS->REVIEW": 4,
          "REVIEW->REVIEW": 15
        }
      },
      "rule_recall": {
        "caught": 43,
        "expected": 106,
        "recall": 0.4056603773584906,
        "n_eligible": 28
      }
    },
    "partition": {
      "production": {
        "metrics": {
          "n": 32,
          "accuracy": 0.875,
          "f1_weighted": 0.8198529411764706,
          "kappa_unweighted": 0.775438596491228,
          "kappa_linear": 0.7942122186495177,
          "kappa_quadratic": 0.8236914600550964,
          "gwet_ac2_linear": 0.8848230353929214
        },
        "cis": {
          "accuracy": [
            0.75,
            0.96875
          ],
          "f1_weighted": [
            0.6544117647058824,
            0.9536637931034483
          ],
          "kappa_unweighted": [
            0.5733333333333333,
            0.9393939393939394
          ],
          "kappa_linear": [
            0.631578947368421,
            0.9411764705882353
          ],
          "kappa_quadratic": [
            0.6932907348242812,
            0.9444444444444444
          ],
          "gwet_ac2_linear": [
            0.752577319587629,
            0.9742730805306177
          ]
        },
        "confusion": {
          "REJECT->REJECT": 13,
          "PASS->REVIEW": 4,
          "REVIEW->REVIEW": 15
        }
      },
      "rule_recall": {
        "caught": 51,
        "expected": 106,
        "recall": 0.4811320754716981,
        "n_eligible": 28
      }
    }
  }
}